INSERT INTO entry.apply_status (user_id, final_submit, pass_status, payment, receipt, receipt_code, exam_code, created_at, updated_at) VALUES ('001', 0, 0, 0, 0, 1, null, '2018-09-19 05:20:20', '2018-09-19 05:20:46');
INSERT INTO entry.apply_status (user_id, final_submit, pass_status, payment, receipt, receipt_code, exam_code, created_at, updated_at) VALUES ('002', 0, 0, 0, 0, 2, null, '2018-09-19 05:20:15', '2018-09-19 05:20:19');
INSERT INTO entry.apply_status (user_id, final_submit, pass_status, payment, receipt, receipt_code, exam_code, created_at, updated_at) VALUES ('003', 0, 0, 0, 0, 3, null, '2018-09-19 05:20:15', '2018-09-19 05:20:19');
INSERT INTO entry.apply_status (user_id, final_submit, pass_status, payment, receipt, receipt_code, exam_code, created_at, updated_at) VALUES ('004', 0, 0, 0, 0, 4, null, '2018-09-19 05:20:15', '2018-09-19 05:20:19');
INSERT INTO entry.apply_status (user_id, final_submit, pass_status, payment, receipt, receipt_code, exam_code, created_at, updated_at) VALUES ('005', 0, 0, 0, 0, 5, null, '2018-09-19 05:20:15', '2018-09-19 05:20:19');
INSERT INTO entry.apply_status (user_id, final_submit, pass_status, payment, receipt, receipt_code, exam_code, created_at, updated_at) VALUES ('006', 0, 0, 0, 0, 6, null, '2018-09-19 05:20:15', '2018-09-19 05:20:19');
INSERT INTO entry.apply_status (user_id, final_submit, pass_status, payment, receipt, receipt_code, exam_code, created_at, updated_at) VALUES ('007', 0, 0, 0, 0, 7, null, '2018-09-19 05:20:15', '2018-09-19 05:20:19');
INSERT INTO entry.apply_status (user_id, final_submit, pass_status, payment, receipt, receipt_code, exam_code, created_at, updated_at) VALUES ('008', 0, 0, 0, 0, 8, null, '2018-09-19 05:20:15', '2018-09-19 05:20:19');
INSERT INTO entry.apply_status (user_id, final_submit, pass_status, payment, receipt, receipt_code, exam_code, created_at, updated_at) VALUES ('009', 0, 0, 0, 0, 9, null, '2018-09-19 05:20:15', '2018-09-19 05:20:19');
INSERT INTO entry.apply_status (user_id, final_submit, pass_status, payment, receipt, receipt_code, exam_code, created_at, updated_at) VALUES ('010', 0, 0, 0, 0, 10, null, '2018-09-19 05:20:15', '2018-09-19 05:20:19');
INSERT INTO entry.apply_status (user_id, final_submit, pass_status, payment, receipt, receipt_code, exam_code, created_at, updated_at) VALUES ('011', 0, 0, 0, 0, 11, null, '2018-09-19 05:20:15', '2018-09-19 05:20:19');
INSERT INTO entry.apply_status (user_id, final_submit, pass_status, payment, receipt, receipt_code, exam_code, created_at, updated_at) VALUES ('012', 0, 0, 0, 0, 12, null, '2018-09-19 05:20:15', '2018-09-19 05:20:19');
INSERT INTO entry.document (user_id, introduce, study_plan, created_at, updated_at) VALUES ('001', '자소서', '학업계획서', '2018-09-19 08:27:50', '2018-09-19 08:28:56');
INSERT INTO entry.document (user_id, introduce, study_plan, created_at, updated_at) VALUES ('002', '자소서', '학업계획서', '2018-09-19 08:27:50', '2018-09-19 08:28:56');
INSERT INTO entry.document (user_id, introduce, study_plan, created_at, updated_at) VALUES ('003', '자소서', '학업계획서', '2018-09-19 08:27:50', '2018-09-19 08:28:56');
INSERT INTO entry.document (user_id, introduce, study_plan, created_at, updated_at) VALUES ('004', '자소서', '학업계획서', '2018-09-19 08:27:50', '2018-09-19 08:28:56');
INSERT INTO entry.document (user_id, introduce, study_plan, created_at, updated_at) VALUES ('005', '자소서', '학업계획서', '2018-09-19 08:27:50', '2018-09-19 08:28:56');
INSERT INTO entry.document (user_id, introduce, study_plan, created_at, updated_at) VALUES ('006', '자소서', '학업계획서', '2018-09-19 08:27:50', '2018-09-19 08:28:56');
INSERT INTO entry.document (user_id, introduce, study_plan, created_at, updated_at) VALUES ('007', '자소서', '학업계획서', '2018-09-19 08:27:50', '2018-09-19 08:28:56');
INSERT INTO entry.document (user_id, introduce, study_plan, created_at, updated_at) VALUES ('008', '자소서', '학업계획서', '2018-09-19 08:27:50', '2018-09-19 08:28:56');
INSERT INTO entry.document (user_id, introduce, study_plan, created_at, updated_at) VALUES ('009', '자소서', '학업계획서', '2018-09-19 08:27:50', '2018-09-19 08:28:56');
INSERT INTO entry.document (user_id, introduce, study_plan, created_at, updated_at) VALUES ('010', '자소서', '학업계획서', '2018-09-19 08:27:50', '2018-09-19 08:28:56');
INSERT INTO entry.document (user_id, introduce, study_plan, created_at, updated_at) VALUES ('011', '자소서', '학업계획서', '2018-09-19 08:27:50', '2018-09-19 08:28:56');
INSERT INTO entry.document (user_id, introduce, study_plan, created_at, updated_at) VALUES ('012', '자소서', '학업계획서', '2018-09-19 08:27:50', '2018-09-19 08:28:56');
INSERT INTO entry.ged_score (user_id, grade, conversion_score, attendance_score, volunteer_score, created_at, updated_at) VALUES ('008', 0, 0, 15, 0, '2018-09-19 09:49:41', '2018-09-19 09:49:44');
INSERT INTO entry.ged_score (user_id, grade, conversion_score, attendance_score, volunteer_score, created_at, updated_at) VALUES ('009', 100, 150, 15, 0, '2018-09-19 09:49:41', '2018-09-19 09:49:44');
INSERT INTO entry.graduate_grade (user_id, semester, korean, social, history, math, science, tech, english, created_at, updated_at) VALUES ('001', 1, 'A', 'A', 'A', 'A', 'A', 'A', 'A', '2018-09-19 09:56:20', '2018-09-19 09:56:21');
INSERT INTO entry.graduate_grade (user_id, semester, korean, social, history, math, science, tech, english, created_at, updated_at) VALUES ('001', 2, 'A', 'A', 'B', 'B', 'A', 'A', 'A', '2018-09-19 09:56:20', '2018-09-19 09:56:21');
INSERT INTO entry.graduate_grade (user_id, semester, korean, social, history, math, science, tech, english, created_at, updated_at) VALUES ('001', 3, 'A', 'A', 'A', 'A', 'A', 'A', 'A', '2018-09-19 09:56:20', '2018-09-19 09:56:21');
INSERT INTO entry.graduate_grade (user_id, semester, korean, social, history, math, science, tech, english, created_at, updated_at) VALUES ('001', 4, 'A', 'B', 'A', 'B', 'A', 'A', 'A', '2018-09-19 09:56:20', '2018-09-19 09:56:21');
INSERT INTO entry.graduate_grade (user_id, semester, korean, social, history, math, science, tech, english, created_at, updated_at) VALUES ('001', 5, 'A', 'A', 'X', 'B', 'A', 'A', 'A', '2018-09-19 09:56:20', '2018-09-19 09:56:21');
INSERT INTO entry.graduate_grade (user_id, semester, korean, social, history, math, science, tech, english, created_at, updated_at) VALUES ('002', 1, 'A', 'A', 'B', 'B', 'A', 'A', 'A', '2018-09-19 09:56:20', '2018-09-19 09:56:21');
INSERT INTO entry.graduate_grade (user_id, semester, korean, social, history, math, science, tech, english, created_at, updated_at) VALUES ('002', 2, 'A', 'A', 'B', 'B', 'A', 'A', 'A', '2018-09-19 09:56:20', '2018-09-19 09:56:21');
INSERT INTO entry.graduate_grade (user_id, semester, korean, social, history, math, science, tech, english, created_at, updated_at) VALUES ('002', 3, 'A', 'A', 'A', 'B', 'A', 'A', 'A', '2018-09-19 09:56:20', '2018-09-19 09:56:21');
INSERT INTO entry.graduate_grade (user_id, semester, korean, social, history, math, science, tech, english, created_at, updated_at) VALUES ('002', 4, 'A', 'A', 'B', 'A', 'A', 'A', 'A', '2018-09-19 09:56:20', '2018-09-19 09:56:21');
INSERT INTO entry.graduate_grade (user_id, semester, korean, social, history, math, science, tech, english, created_at, updated_at) VALUES ('002', 5, 'A', 'A', 'B', 'B', 'A', 'A', 'A', '2018-09-19 09:56:20', '2018-09-19 09:56:21');
INSERT INTO entry.graduate_grade (user_id, semester, korean, social, history, math, science, tech, english, created_at, updated_at) VALUES ('003', 1, 'A', 'A', 'B', 'B', 'A', 'A', 'A', '2018-09-19 09:56:20', '2018-09-19 09:56:21');
INSERT INTO entry.graduate_grade (user_id, semester, korean, social, history, math, science, tech, english, created_at, updated_at) VALUES ('003', 2, 'A', 'A', 'B', 'B', 'A', 'A', 'A', '2018-09-19 09:56:20', '2018-09-19 09:56:21');
INSERT INTO entry.graduate_grade (user_id, semester, korean, social, history, math, science, tech, english, created_at, updated_at) VALUES ('003', 3, 'A', 'A', 'X', 'B', 'A', 'A', 'A', '2018-09-19 09:56:20', '2018-09-19 09:56:21');
INSERT INTO entry.graduate_grade (user_id, semester, korean, social, history, math, science, tech, english, created_at, updated_at) VALUES ('003', 4, 'A', 'A', 'X', 'B', 'A', 'A', 'A', '2018-09-19 09:56:20', '2018-09-19 09:56:21');
INSERT INTO entry.graduate_grade (user_id, semester, korean, social, history, math, science, tech, english, created_at, updated_at) VALUES ('003', 5, 'A', 'A', 'B', 'B', 'A', 'A', 'A', '2018-09-19 09:56:20', '2018-09-19 09:56:21');
INSERT INTO entry.graduate_grade (user_id, semester, korean, social, history, math, science, tech, english, created_at, updated_at) VALUES ('004', 1, 'A', 'A', 'X', 'B', 'A', 'A', 'A', '2018-09-19 09:56:20', '2018-09-19 09:56:21');
INSERT INTO entry.graduate_grade (user_id, semester, korean, social, history, math, science, tech, english, created_at, updated_at) VALUES ('004', 2, 'A', 'A', 'X', 'B', 'A', 'A', 'A', '2018-09-19 09:56:20', '2018-09-19 09:56:21');
INSERT INTO entry.graduate_grade (user_id, semester, korean, social, history, math, science, tech, english, created_at, updated_at) VALUES ('004', 3, 'A', 'A', 'X', 'B', 'A', 'A', 'A', '2018-09-19 09:56:20', '2018-09-19 09:56:21');
INSERT INTO entry.graduate_grade (user_id, semester, korean, social, history, math, science, tech, english, created_at, updated_at) VALUES ('004', 4, 'A', 'A', 'X', 'B', 'A', 'A', 'A', '2018-09-19 09:56:20', '2018-09-19 09:56:21');
INSERT INTO entry.graduate_grade (user_id, semester, korean, social, history, math, science, tech, english, created_at, updated_at) VALUES ('004', 5, 'A', 'A', 'X', 'B', 'A', 'A', 'A', '2018-09-19 09:56:20', '2018-09-19 09:56:21');
INSERT INTO entry.graduate_grade (user_id, semester, korean, social, history, math, science, tech, english, created_at, updated_at) VALUES ('005', 1, 'A', 'A', 'B', 'B', 'A', 'A', 'A', '2018-09-19 09:56:20', '2018-09-19 09:56:21');
INSERT INTO entry.graduate_grade (user_id, semester, korean, social, history, math, science, tech, english, created_at, updated_at) VALUES ('005', 2, 'A', 'A', 'B', 'B', 'A', 'A', 'A', '2018-09-19 09:56:20', '2018-09-19 09:56:21');
INSERT INTO entry.graduate_grade (user_id, semester, korean, social, history, math, science, tech, english, created_at, updated_at) VALUES ('005', 3, 'A', 'A', 'B', 'B', 'A', 'A', 'A', '2018-09-19 09:56:20', '2018-09-19 09:56:21');
INSERT INTO entry.graduate_grade (user_id, semester, korean, social, history, math, science, tech, english, created_at, updated_at) VALUES ('005', 4, 'A', 'A', 'B', 'B', 'A', 'A', 'A', '2018-09-19 09:56:20', '2018-09-19 09:56:21');
INSERT INTO entry.graduate_grade (user_id, semester, korean, social, history, math, science, tech, english, created_at, updated_at) VALUES ('005', 5, 'A', 'A', 'B', 'B', 'A', 'A', 'A', '2018-09-19 09:56:20', '2018-09-19 09:56:21');
INSERT INTO entry.graduate_grade (user_id, semester, korean, social, history, math, science, tech, english, created_at, updated_at) VALUES ('005', 6, 'A', 'A', 'B', 'B', 'A', 'A', 'A', '2018-09-19 09:56:20', '2018-09-19 09:56:21');
INSERT INTO entry.graduate_grade (user_id, semester, korean, social, history, math, science, tech, english, created_at, updated_at) VALUES ('006', 1, 'A', 'A', 'B', 'B', 'A', 'A', 'A', '2018-09-19 09:56:20', '2018-09-19 09:56:21');
INSERT INTO entry.graduate_grade (user_id, semester, korean, social, history, math, science, tech, english, created_at, updated_at) VALUES ('006', 2, 'A', 'A', 'B', 'B', 'A', 'A', 'A', '2018-09-19 09:56:20', '2018-09-19 09:56:21');
INSERT INTO entry.graduate_grade (user_id, semester, korean, social, history, math, science, tech, english, created_at, updated_at) VALUES ('006', 3, 'A', 'A', 'B', 'B', 'A', 'A', 'A', '2018-09-19 09:56:20', '2018-09-19 09:56:21');
INSERT INTO entry.graduate_grade (user_id, semester, korean, social, history, math, science, tech, english, created_at, updated_at) VALUES ('006', 4, 'A', 'A', 'B', 'B', 'A', 'A', 'A', '2018-09-19 09:56:20', '2018-09-19 09:56:21');
INSERT INTO entry.graduate_grade (user_id, semester, korean, social, history, math, science, tech, english, created_at, updated_at) VALUES ('006', 5, 'A', 'A', 'B', 'B', 'A', 'A', 'A', '2018-09-19 09:56:20', '2018-09-19 09:56:21');
INSERT INTO entry.graduate_grade (user_id, semester, korean, social, history, math, science, tech, english, created_at, updated_at) VALUES ('006', 6, 'A', 'A', 'B', 'B', 'A', 'A', 'A', '2018-09-19 09:56:20', '2018-09-19 09:56:21');
INSERT INTO entry.graduate_grade (user_id, semester, korean, social, history, math, science, tech, english, created_at, updated_at) VALUES ('007', 1, 'A', 'A', 'B', 'B', 'A', 'A', 'A', '2018-09-19 09:56:20', '2018-09-19 09:56:21');
INSERT INTO entry.graduate_grade (user_id, semester, korean, social, history, math, science, tech, english, created_at, updated_at) VALUES ('007', 2, 'A', 'A', 'B', 'B', 'A', 'A', 'A', '2018-09-19 09:56:20', '2018-09-19 09:56:21');
INSERT INTO entry.graduate_grade (user_id, semester, korean, social, history, math, science, tech, english, created_at, updated_at) VALUES ('007', 3, 'A', 'A', 'B', 'B', 'A', 'A', 'A', '2018-09-19 09:56:20', '2018-09-19 09:56:21');
INSERT INTO entry.graduate_grade (user_id, semester, korean, social, history, math, science, tech, english, created_at, updated_at) VALUES ('007', 4, 'A', 'A', 'B', 'B', 'A', 'A', 'A', '2018-09-19 09:56:20', '2018-09-19 09:56:21');
INSERT INTO entry.graduate_grade (user_id, semester, korean, social, history, math, science, tech, english, created_at, updated_at) VALUES ('007', 5, 'A', 'A', 'B', 'B', 'A', 'A', 'A', '2018-09-19 09:56:20', '2018-09-19 09:56:21');
INSERT INTO entry.graduate_grade (user_id, semester, korean, social, history, math, science, tech, english, created_at, updated_at) VALUES ('007', 6, 'A', 'A', 'B', 'B', 'A', 'A', 'A', '2018-09-19 09:56:20', '2018-09-19 09:56:21');
INSERT INTO entry.graduate_grade (user_id, semester, korean, social, history, math, science, tech, english, created_at, updated_at) VALUES ('010', 1, 'A', 'A', 'B', 'B', 'A', 'A', 'A', '2018-09-19 09:56:20', '2018-09-19 09:56:21');
INSERT INTO entry.graduate_grade (user_id, semester, korean, social, history, math, science, tech, english, created_at, updated_at) VALUES ('010', 2, 'A', 'A', 'B', 'B', 'A', 'A', 'A', '2018-09-19 09:56:20', '2018-09-19 09:56:21');
INSERT INTO entry.graduate_grade (user_id, semester, korean, social, history, math, science, tech, english, created_at, updated_at) VALUES ('010', 3, 'A', 'A', 'B', 'B', 'A', 'A', 'A', '2018-09-19 09:56:20', '2018-09-19 09:56:21');
INSERT INTO entry.graduate_grade (user_id, semester, korean, social, history, math, science, tech, english, created_at, updated_at) VALUES ('010', 4, 'A', 'A', 'B', 'B', 'A', 'A', 'A', '2018-09-19 09:56:20', '2018-09-19 09:56:21');
INSERT INTO entry.graduate_grade (user_id, semester, korean, social, history, math, science, tech, english, created_at, updated_at) VALUES ('010', 5, 'A', 'A', 'B', 'B', 'A', 'A', 'A', '2018-09-19 09:56:20', '2018-09-19 09:56:21');
INSERT INTO entry.graduate_grade (user_id, semester, korean, social, history, math, science, tech, english, created_at, updated_at) VALUES ('011', 1, 'A', 'A', 'B', 'B', 'A', 'A', 'A', '2018-09-19 09:56:20', '2018-09-19 09:56:21');
INSERT INTO entry.graduate_grade (user_id, semester, korean, social, history, math, science, tech, english, created_at, updated_at) VALUES ('011', 2, 'A', 'A', 'B', 'B', 'A', 'A', 'A', '2018-09-19 09:56:20', '2018-09-19 09:56:21');
INSERT INTO entry.graduate_grade (user_id, semester, korean, social, history, math, science, tech, english, created_at, updated_at) VALUES ('011', 3, 'A', 'A', 'B', 'B', 'A', 'A', 'A', '2018-09-19 09:56:20', '2018-09-19 09:56:21');
INSERT INTO entry.graduate_grade (user_id, semester, korean, social, history, math, science, tech, english, created_at, updated_at) VALUES ('011', 4, 'A', 'A', 'B', 'B', 'A', 'A', 'A', '2018-09-19 09:56:20', '2018-09-19 09:56:21');
INSERT INTO entry.graduate_grade (user_id, semester, korean, social, history, math, science, tech, english, created_at, updated_at) VALUES ('011', 5, 'A', 'A', 'B', 'B', 'A', 'A', 'A', '2018-09-19 09:56:20', '2018-09-19 09:56:21');
INSERT INTO entry.graduate_grade (user_id, semester, korean, social, history, math, science, tech, english, created_at, updated_at) VALUES ('012', 1, 'A', 'A', 'B', 'B', 'A', 'A', 'A', '2018-09-19 09:56:20', '2018-09-19 09:56:21');
INSERT INTO entry.graduate_grade (user_id, semester, korean, social, history, math, science, tech, english, created_at, updated_at) VALUES ('012', 2, 'A', 'A', 'B', 'B', 'A', 'A', 'A', '2018-09-19 09:56:20', '2018-09-19 09:56:21');
INSERT INTO entry.graduate_grade (user_id, semester, korean, social, history, math, science, tech, english, created_at, updated_at) VALUES ('012', 3, 'A', 'A', 'B', 'B', 'A', 'A', 'A', '2018-09-19 09:56:20', '2018-09-19 09:56:21');
INSERT INTO entry.graduate_grade (user_id, semester, korean, social, history, math, science, tech, english, created_at, updated_at) VALUES ('012', 4, 'A', 'A', 'B', 'B', 'A', 'A', 'A', '2018-09-19 09:56:20', '2018-09-19 09:56:21');
INSERT INTO entry.graduate_grade (user_id, semester, korean, social, history, math, science, tech, english, created_at, updated_at) VALUES ('012', 5, 'A', 'A', 'B', 'B', 'A', 'A', 'A', '2018-09-19 09:56:20', '2018-09-19 09:56:21');
INSERT INTO entry.graduate_info (user_id, graduate_year, school_code, school_name, school_tel, student_class, student_grade, student_number, created_at, updated_at) VALUES ('001', 2019, '0001', '엔트리중학교', '', 3, 3, 3, '2018-09-19 09:54:25', '2018-09-19 09:54:35');
INSERT INTO entry.graduate_info (user_id, graduate_year, school_code, school_name, school_tel, student_class, student_grade, student_number, created_at, updated_at) VALUES ('002', 2019, '0001', '엔트리중학교', '', 3, 3, 3, '2018-09-19 09:54:26', '2018-09-19 09:54:35');
INSERT INTO entry.graduate_info (user_id, graduate_year, school_code, school_name, school_tel, student_class, student_grade, student_number, created_at, updated_at) VALUES ('003', 2019, '0001', '엔트리중학교', '', 3, 3, 3, '2018-09-19 09:54:28', '2018-09-19 09:54:36');
INSERT INTO entry.graduate_info (user_id, graduate_year, school_code, school_name, school_tel, student_class, student_grade, student_number, created_at, updated_at) VALUES ('004', 2019, '0001', '엔트리중학교', '', 3, 3, 3, '2018-09-19 09:54:29', '2018-09-19 09:54:37');
INSERT INTO entry.graduate_info (user_id, graduate_year, school_code, school_name, school_tel, student_class, student_grade, student_number, created_at, updated_at) VALUES ('005', 2019, '0001', '엔트리중학교', '', 3, 3, 3, '2018-09-19 09:54:30', '2018-09-19 09:54:38');
INSERT INTO entry.graduate_info (user_id, graduate_year, school_code, school_name, school_tel, student_class, student_grade, student_number, created_at, updated_at) VALUES ('006', 2019, '0001', '엔트리중학교', '', 3, 3, 3, '2018-09-19 09:54:31', '2018-09-19 09:54:39');
INSERT INTO entry.graduate_info (user_id, graduate_year, school_code, school_name, school_tel, student_class, student_grade, student_number, created_at, updated_at) VALUES ('007', 2019, '0001', '엔트리중학교', '', 3, 3, 3, '2018-09-19 09:54:31', '2018-09-19 09:54:40');
INSERT INTO entry.graduate_info (user_id, graduate_year, school_code, school_name, school_tel, student_class, student_grade, student_number, created_at, updated_at) VALUES ('010', 2019, '0001', '엔트리중학교', '', 3, 3, 3, '2018-09-19 09:54:32', '2018-09-19 09:54:40');
INSERT INTO entry.graduate_info (user_id, graduate_year, school_code, school_name, school_tel, student_class, student_grade, student_number, created_at, updated_at) VALUES ('011', 2019, '0001', '엔트리중학교', '', 3, 3, 3, '2018-09-19 09:54:33', '2018-09-19 09:54:42');
INSERT INTO entry.graduate_info (user_id, graduate_year, school_code, school_name, school_tel, student_class, student_grade, student_number, created_at, updated_at) VALUES ('012', 2019, '0001', '엔트리중학교', '', 3, 3, 3, '2018-09-19 09:54:34', '2018-09-19 09:54:43');
INSERT INTO entry.graduate_score (user_id, first_grade, second_grade, third_grade, conversion_score, attendance_score, volunteer_score, volunteer_time, period_cut, full_cut, late, early_leave, created_at, updated_at) VALUES ('001', 45, 45, 60, 150, 15, 15, 65, 0, 0, 0, 0, '2018-09-19 10:22:06', '2018-09-19 10:22:08');
INSERT INTO entry.graduate_score (user_id, first_grade, second_grade, third_grade, conversion_score, attendance_score, volunteer_score, volunteer_time, period_cut, full_cut, late, early_leave, created_at, updated_at) VALUES ('002', 45, 45, 60, 150, 15, 15, 65, 0, 0, 0, 0, '2018-09-19 10:22:06', '2018-09-19 10:22:08');
INSERT INTO entry.graduate_score (user_id, first_grade, second_grade, third_grade, conversion_score, attendance_score, volunteer_score, volunteer_time, period_cut, full_cut, late, early_leave, created_at, updated_at) VALUES ('003', 27, 27, 36, 90, 15, 15, 65, 0, 0, 0, 0, '2018-09-19 10:22:06', '2018-09-19 10:22:08');
INSERT INTO entry.graduate_score (user_id, first_grade, second_grade, third_grade, conversion_score, attendance_score, volunteer_score, volunteer_time, period_cut, full_cut, late, early_leave, created_at, updated_at) VALUES ('004', 45, 45, 60, 150, 15, 15, 65, 0, 0, 0, 0, '2018-09-19 10:22:06', '2018-09-19 10:22:08');
INSERT INTO entry.graduate_score (user_id, first_grade, second_grade, third_grade, conversion_score, attendance_score, volunteer_score, volunteer_time, period_cut, full_cut, late, early_leave, created_at, updated_at) VALUES ('005', 45, 45, 60, 150, 15, 15, 65, 0, 0, 0, 0, '2018-09-19 10:22:06', '2018-09-19 10:22:08');
INSERT INTO entry.graduate_score (user_id, first_grade, second_grade, third_grade, conversion_score, attendance_score, volunteer_score, volunteer_time, period_cut, full_cut, late, early_leave, created_at, updated_at) VALUES ('006', 45, 45, 60, 150, 15, 15, 65, 0, 0, 0, 0, '2018-09-19 10:22:06', '2018-09-19 10:22:08');
INSERT INTO entry.graduate_score (user_id, first_grade, second_grade, third_grade, conversion_score, attendance_score, volunteer_score, volunteer_time, period_cut, full_cut, late, early_leave, created_at, updated_at) VALUES ('007', 27, 20, 36, 83, 15, 15, 65, 0, 0, 0, 0, '2018-09-19 10:22:06', '2018-09-19 10:22:08');
INSERT INTO entry.graduate_score (user_id, first_grade, second_grade, third_grade, conversion_score, attendance_score, volunteer_score, volunteer_time, period_cut, full_cut, late, early_leave, created_at, updated_at) VALUES ('010', 45, 45, 60, 150, 15, 15, 65, 0, 0, 0, 0, '2018-09-19 10:22:06', '2018-09-19 10:22:08');
INSERT INTO entry.graduate_score (user_id, first_grade, second_grade, third_grade, conversion_score, attendance_score, volunteer_score, volunteer_time, period_cut, full_cut, late, early_leave, created_at, updated_at) VALUES ('011', 45, 45, 60, 150, 15, 15, 65, 0, 0, 0, 0, '2018-09-19 10:22:06', '2018-09-19 10:22:08');
INSERT INTO entry.graduate_score (user_id, first_grade, second_grade, third_grade, conversion_score, attendance_score, volunteer_score, volunteer_time, period_cut, full_cut, late, early_leave, created_at, updated_at) VALUES ('012', 27, 27, 36, 90, 14, 15, 65, 1, 0, 0, 0, '2018-09-19 10:22:06', '2018-09-19 10:22:08');
INSERT INTO entry.info (user_id, name, sex, birth, my_tel, parent_name, parent_tel, address_base, address_detail, zip_code, img_path, created_at, updated_at) VALUES ('001', '이철수', 'MALE', '2018-09-19', '010-1234-5678', '이철현', '010-1234-5678', '대전광역시', '가정북로 11', '73111', null, '2018-09-19 04:42:23', '2018-09-19 04:42:27');
INSERT INTO entry.info (user_id, name, sex, birth, my_tel, parent_name, parent_tel, address_base, address_detail, zip_code, img_path, created_at, updated_at) VALUES ('002', 'karl von bismark', 'MALE', '2018-09-19', '010-1234-5888', 'otto von bismark', '010-1234-5687', '경기도 용인시', '구성 3로 65', '34521', null, '2018-09-19 04:42:23', '2018-09-19 04:42:27');
INSERT INTO entry.info (user_id, name, sex, birth, my_tel, parent_name, parent_tel, address_base, address_detail, zip_code, img_path, created_at, updated_at) VALUES ('003', '김수진', 'FEMALE', '2018-09-19', '010-1234-5888', '김병관', '010-1234-5687', '강원도 춘천시', '춘천 3로 42', '89431', null, '2018-09-19 04:42:23', '2018-09-19 04:42:27');
INSERT INTO entry.info (user_id, name, sex, birth, my_tel, parent_name, parent_tel, address_base, address_detail, zip_code, img_path, created_at, updated_at) VALUES ('004', '황지수', 'FEMALE', '2018-09-19', '010-1234-5888', '김수진', '010-1234-5687', '강원도 춘천시', '황천 2로 21', '98762', null, '2018-09-19 04:42:23', '2018-09-19 04:42:27');
INSERT INTO entry.info (user_id, name, sex, birth, my_tel, parent_name, parent_tel, address_base, address_detail, zip_code, img_path, created_at, updated_at) VALUES ('005', '조우진', 'MALE', '2018-09-19', '010-1234-5882', '조우현', '010-1234-5687', '경기도 김포시', '김포대로 21', '34259', null, '2018-09-19 04:42:23', '2018-09-19 04:42:27');
INSERT INTO entry.info (user_id, name, sex, birth, my_tel, parent_name, parent_tel, address_base, address_detail, zip_code, img_path, created_at, updated_at) VALUES ('006', '이종현', 'MALE', '2018-09-19', '010-1234-5882', '이지현', '010-1234-5687', '충청북도 충주시', '부강2길 39', '23411', null, '2018-09-19 04:42:23', '2018-09-19 04:42:27');
INSERT INTO entry.info (user_id, name, sex, birth, my_tel, parent_name, parent_tel, address_base, address_detail, zip_code, img_path, created_at, updated_at) VALUES ('007', '정다은', 'FEMALE', '2018-09-19', '010-1234-5882', '정형진', '010-1234-5687', '대전광역시', '가정북로 27', '23411', null, '2018-09-19 04:42:23', '2018-09-19 04:42:27');
INSERT INTO entry.info (user_id, name, sex, birth, my_tel, parent_name, parent_tel, address_base, address_detail, zip_code, img_path, created_at, updated_at) VALUES ('008', '김형규', 'MALE', '2018-09-19', '010-1234-5882', '김우진', '010-1234-5687', '제주특별자치도', '서귀포로 91', '87721', null, '2018-09-19 04:42:23', '2018-09-19 04:42:27');
INSERT INTO entry.info (user_id, name, sex, birth, my_tel, parent_name, parent_tel, address_base, address_detail, zip_code, img_path, created_at, updated_at) VALUES ('009', '정경서', 'MALE', '2018-09-19', '010-1234-5882', '김우진', '010-1234-5687', '경기도 시흥시', '이종현길 91', '78213', null, '2018-09-19 04:42:23', '2018-09-19 04:42:27');
INSERT INTO entry.info (user_id, name, sex, birth, my_tel, parent_name, parent_tel, address_base, address_detail, zip_code, img_path, created_at, updated_at) VALUES ('010', '김성현', 'MALE', '2018-09-19', '010-1234-5882', '김혜진', '010-1234-5687', '경기도 용인시', '동백평촌로 39', '23455', null, '2018-09-19 04:42:23', '2018-09-19 04:42:27');
INSERT INTO entry.info (user_id, name, sex, birth, my_tel, parent_name, parent_tel, address_base, address_detail, zip_code, img_path, created_at, updated_at) VALUES ('011', '백광민', 'MALE', '2018-09-19', '010-1234-5882', '백청우', '010-1234-5687', '경기도 부천시', '소사로 76', '99213', null, '2018-09-19 04:42:23', '2018-09-19 04:42:27');
INSERT INTO entry.info (user_id, name, sex, birth, my_tel, parent_name, parent_tel, address_base, address_detail, zip_code, img_path, created_at, updated_at) VALUES ('012', '황금독수리', 'MALE', '2018-09-19', '010-1234-5882', '핑크퐁', '010-1234-5687', '경기도 부천시', '소사로 23', '99212', null, '2018-09-19 04:42:23', '2018-09-19 04:42:27');
INSERT INTO entry.school (code, government, name, school_region, created_at, updated_at) VALUES ('0001', '대전광역시교육청', '엔트리중학교', '대전광역시', '2018-09-19 04:40:11', '2018-09-19 04:40:15');
INSERT INTO entry.user (user_id, additional_type, email, password, graduate_type, admission, admission_detail, region, created_at, updated_at) VALUES ('001', 'NONE', 'asdf', 'asdf', 'WILL', 'NORMAL', 'NONE', 1, '2018-09-19 04:05:38', '2018-11-19 04:05:41');
INSERT INTO entry.user (user_id, additional_type, email, password, graduate_type, admission, admission_detail, region, created_at, updated_at) VALUES ('002', 'NONE', 'sdfg', 'asdf', 'WILL', 'NORMAL', 'NONE', 0, '2018-09-19 04:05:38', '2018-11-19 04:05:41');
INSERT INTO entry.user (user_id, additional_type, email, password, graduate_type, admission, admission_detail, region, created_at, updated_at) VALUES ('003', 'NONE', 'dfgh', 'asdf', 'WILL', 'MEISTER', 'NONE', 1, '2018-09-19 04:05:38', '2018-11-19 04:05:41');
INSERT INTO entry.user (user_id, additional_type, email, password, graduate_type, admission, admission_detail, region, created_at, updated_at) VALUES ('004', 'NONE', 'fghj', 'asdf', 'WILL', 'SOCIAL', 'NONE', 0, '2018-09-19 04:05:38', '2018-11-19 04:05:41');
INSERT INTO entry.user (user_id, additional_type, email, password, graduate_type, admission, admission_detail, region, created_at, updated_at) VALUES ('005', 'NONE', 'ghjk', 'asdf', 'DONE', 'NORMAL', 'NONE', 1, '2018-09-19 04:05:38', '2018-11-19 04:05:41');
INSERT INTO entry.user (user_id, additional_type, email, password, graduate_type, admission, admission_detail, region, created_at, updated_at) VALUES ('006', 'NONE', 'hjkl', 'asdf', 'DONE', 'SOCIAL', 'NONE', 0, '2018-09-19 04:05:38', '2018-11-19 04:05:41');
INSERT INTO entry.user (user_id, additional_type, email, password, graduate_type, admission, admission_detail, region, created_at, updated_at) VALUES ('007', 'NONE', 'zxcv', 'asdf', 'DONE', 'MEISTER', 'NONE', 1, '2018-09-19 04:05:38', '2018-11-19 04:05:41');
INSERT INTO entry.user (user_id, additional_type, email, password, graduate_type, admission, admission_detail, region, created_at, updated_at) VALUES ('008', 'NONE', 'xcvb', 'asdf', 'GED', 'NORMAL', 'NONE', 0, '2018-09-19 04:05:38', '2018-11-19 04:05:41');
INSERT INTO entry.user (user_id, additional_type, email, password, graduate_type, admission, admission_detail, region, created_at, updated_at) VALUES ('009', 'NONE', 'cvbn', 'asdf', 'GED', 'NORMAL', 'BENEFICIARY', 0, '2018-09-19 04:05:38', '2018-11-19 04:05:41');
INSERT INTO entry.user (user_id, additional_type, email, password, graduate_type, admission, admission_detail, region, created_at, updated_at) VALUES ('010', 'NONE', 'vbnm', 'asdf', 'WILL', 'NORMAL', 'MULTI_CULTURE', 0, '2018-09-19 04:05:38', '2018-11-19 04:05:41');
INSERT INTO entry.user (user_id, additional_type, email, password, graduate_type, admission, admission_detail, region, created_at, updated_at) VALUES ('011', 'SPECIAL_ADMISSION', 'qwer', 'asdf', 'WILL', 'NORMAL', 'NONE', 1, '2018-09-19 04:05:38', '2018-11-19 04:05:41');
INSERT INTO entry.user (user_id, additional_type, email, password, graduate_type, admission, admission_detail, region, created_at, updated_at) VALUES ('012', 'NATIONAL_MERIT', 'wert', 'asdf', 'WILL', 'MEISTER', 'NONE', 0, '2018-09-19 04:05:38', '2018-11-19 04:05:41');